{
  "bindings": [
    {
      "authLevel": "anonymous",
      "name": "req",
      "type": "httpTrigger",
      "direction": "in",
      "methods": [
        "post",
        "put"
      ],
      "route": "subscriptions/{subscriptionId}/resourcegroups/{resourceGroupName}/providers/Microsoft.CustomProviders/resourceproviders/{miniRpName}/alerts/{alertname}"
    },
    {
      "name": "$return",
      "type": "http",
      "direction": "out"
    },
    {
      "type": "twilioSms",
      "name": "message",
      "accountSid": "TwilioAccountSid",
      "authToken": "TwilioAuthToken",
      "from": "12014821115",
      "direction": "out"
    }
  ],
  "disabled": false
}