{
  "IsEncrypted": false,
  "Values": {
    "WEBSITE_SLOT_NAME": "Production",
    "FUNCTIONS_EXTENSION_VERSION": "~1",
    "ScmType": "None",
    "WEBSITE_AUTH_ENABLED": "False",
    "REMOTEDEBUGGINGVERSION": "15.0.28307.222",
    "TwilioAccountSid": "ACa8dd3ef74a71c3cb21bf5bc78c474987",
    "APPINSIGHTS_INSTRUMENTATIONKEY": "abe69471-4e2c-4ba0-b75d-585720b77355",
    "TwilioAuthToken": "d8d8d521b80da495f881c3ac84bd54ed",
    "WEBSITE_NODE_DEFAULT_VERSION": "6.5.0",
    "WEBSITE_CONTENTAZUREFILECONNECTIONSTRING": "DefaultEndpointsProtocol=https;AccountName=suhasalertfuncaf9c;AccountKey=b3mZnPWP5cnH39ZlD6GrvN45yLbNx3MNNalNWNgJger2IIumsl8J/d9aUCmIOgsI0Rw0SzvQ/Mtkysm00T77CA==",
    "WEBSITE_CONTENTSHARE": "suhasalertfuncaf9c",
    "WEBSITE_AUTH_AUTO_AAD": "False",
    "WEBSITE_SITE_NAME": "suhasalertfunc",
    "WEBSITE_AUTH_LOGOUT_PATH": "/.auth/logout",
    "AzureWebJobsStorage": "DefaultEndpointsProtocol=https;AccountName=suhasalertfuncaf9c;AccountKey=b3mZnPWP5cnH39ZlD6GrvN45yLbNx3MNNalNWNgJger2IIumsl8J/d9aUCmIOgsI0Rw0SzvQ/Mtkysm00T77CA=="
  }
}